name,frames,mean,median,rmse
euroc_MH_01_run_0_keyframes_ba,330,13.34,13.43,14.57
euroc_MH_01_run_10_keyframes_ba,337,12.09,12.79,13.33
euroc_MH_01_run_11_keyframes_ba,333,24.36,18.83,29.10
euroc_MH_01_run_12_keyframes_ba,336,12.39,12.98,13.89
euroc_MH_01_run_13_keyframes_ba,334,11.24,11.21,12.17
euroc_MH_01_run_14_keyframes_ba,336,10.00,9.44,11.07
euroc_MH_01_run_15_keyframes_ba,335,12.80,12.56,13.89
euroc_MH_01_run_16_keyframes_ba,332,12.50,11.83,13.69
euroc_MH_01_run_17_keyframes_ba,333,14.58,13.68,16.05
euroc_MH_01_run_18_keyframes_ba,331,15.08,14.22,16.43
euroc_MH_01_run_19_keyframes_ba,330,15.95,14.88,17.44
euroc_MH_01_run_1_keyframes_ba,329,11.86,11.11,12.93
euroc_MH_01_run_20_keyframes_ba,332,10.50,9.85,11.49
euroc_MH_01_run_21_keyframes_ba,335,12.08,11.57,13.12
euroc_MH_01_run_22_keyframes_ba,332,10.64,10.11,11.47
euroc_MH_01_run_23_keyframes_ba,333,11.75,11.20,12.72
euroc_MH_01_run_24_keyframes_ba,336,12.08,11.97,13.41
euroc_MH_01_run_2_keyframes_ba,330,12.26,12.44,13.66
euroc_MH_01_run_3_keyframes_ba,335,8.58,8.10,9.42
euroc_MH_01_run_4_keyframes_ba,335,14.77,14.12,16.15
euroc_MH_01_run_5_keyframes_ba,335,10.92,10.10,12.30
euroc_MH_01_run_6_keyframes_ba,335,11.79,11.24,12.86
euroc_MH_01_run_7_keyframes_ba,336,13.91,13.24,15.09
euroc_MH_01_run_8_keyframes_ba,336,12.28,12.60,13.40
euroc_MH_01_run_9_keyframes_ba,328,12.14,11.17,13.27
euroc_MH_02_run_0_keyframes_ba,216,21.00,20.66,22.59
euroc_MH_02_run_10_keyframes_ba,216,18.98,18.90,20.59
euroc_MH_02_run_11_keyframes_ba,217,20.82,20.35,22.58
euroc_MH_02_run_12_keyframes_ba,216,20.76,20.12,22.51
euroc_MH_02_run_13_keyframes_ba,216,19.89,19.53,21.55
euroc_MH_02_run_14_keyframes_ba,217,20.14,19.18,21.82
euroc_MH_02_run_15_keyframes_ba,216,18.76,18.38,20.25
euroc_MH_02_run_16_keyframes_ba,217,20.13,19.75,21.86
euroc_MH_02_run_17_keyframes_ba,216,19.42,18.85,21.12
euroc_MH_02_run_18_keyframes_ba,216,18.03,17.05,19.57
euroc_MH_02_run_19_keyframes_ba,217,18.86,17.45,20.18
euroc_MH_02_run_1_keyframes_ba,216,20.59,20.42,22.37
euroc_MH_02_run_20_keyframes_ba,216,18.81,18.07,20.51
euroc_MH_02_run_21_keyframes_ba,216,18.90,17.90,20.54
euroc_MH_02_run_22_keyframes_ba,216,19.18,18.89,20.81
euroc_MH_02_run_23_keyframes_ba,216,18.85,18.49,20.51
euroc_MH_02_run_24_keyframes_ba,216,20.11,19.84,21.94
euroc_MH_02_run_2_keyframes_ba,216,20.04,20.11,21.47
euroc_MH_02_run_3_keyframes_ba,216,19.05,18.24,20.51
euroc_MH_02_run_4_keyframes_ba,216,20.14,19.93,21.85
euroc_MH_02_run_5_keyframes_ba,216,19.98,20.00,21.81
euroc_MH_02_run_6_keyframes_ba,216,20.63,20.53,22.17
euroc_MH_02_run_7_keyframes_ba,216,19.25,18.82,20.81
euroc_MH_02_run_8_keyframes_ba,216,19.15,18.63,20.66
euroc_MH_02_run_9_keyframes_ba,217,18.77,18.60,20.09
euroc_MH_03_run_0_keyframes_ba,255,16.87,14.60,20.27
euroc_MH_03_run_10_keyframes_ba,252,16.13,12.14,19.57
euroc_MH_03_run_11_keyframes_ba,254,14.02,10.27,17.73
euroc_MH_03_run_12_keyframes_ba,255,17.72,14.36,21.25
euroc_MH_03_run_13_keyframes_ba,253,13.79,11.57,16.86
euroc_MH_03_run_14_keyframes_ba,254,13.70,11.06,16.81
euroc_MH_03_run_15_keyframes_ba,254,14.05,10.86,17.28
euroc_MH_03_run_16_keyframes_ba,253,15.74,13.11,18.47
euroc_MH_03_run_17_keyframes_ba,255,16.74,14.55,19.51
euroc_MH_03_run_18_keyframes_ba,252,13.72,10.61,16.80
euroc_MH_03_run_19_keyframes_ba,253,14.32,11.12,17.67
euroc_MH_03_run_1_keyframes_ba,254,16.24,13.09,19.71
euroc_MH_03_run_20_keyframes_ba,256,15.83,13.03,18.98
euroc_MH_03_run_21_keyframes_ba,251,14.24,11.66,17.65
euroc_MH_03_run_22_keyframes_ba,254,14.18,11.80,17.21
euroc_MH_03_run_23_keyframes_ba,254,12.00,9.35,14.75
euroc_MH_03_run_24_keyframes_ba,254,13.30,10.35,16.20
euroc_MH_03_run_2_keyframes_ba,253,13.60,10.78,16.31
euroc_MH_03_run_3_keyframes_ba,255,12.23,9.92,15.20
euroc_MH_03_run_4_keyframes_ba,255,13.23,11.29,15.82
euroc_MH_03_run_5_keyframes_ba,253,12.57,9.78,15.38
euroc_MH_03_run_6_keyframes_ba,255,15.09,11.89,18.77
euroc_MH_03_run_7_keyframes_ba,257,12.49,9.18,16.36
euroc_MH_03_run_8_keyframes_ba,252,17.24,14.10,20.53
euroc_MH_03_run_9_keyframes_ba,256,17.81,14.62,20.87
euroc_MH_04_run_0_keyframes_ba,173,82.34,87.93,88.94
euroc_MH_04_run_10_keyframes_ba,173,63.87,74.34,68.68
euroc_MH_04_run_11_keyframes_ba,174,105.13,123.90,114.21
euroc_MH_04_run_12_keyframes_ba,173,70.87,81.66,76.09
euroc_MH_04_run_13_keyframes_ba,174,95.91,105.53,104.51
euroc_MH_04_run_14_keyframes_ba,171,77.98,92.19,83.13
euroc_MH_04_run_15_keyframes_ba,174,90.72,96.36,97.67
euroc_MH_04_run_16_keyframes_ba,173,83.71,91.44,90.94
euroc_MH_04_run_17_keyframes_ba,170,106.42,121.72,113.44
euroc_MH_04_run_18_keyframes_ba,171,93.66,104.51,101.22
euroc_MH_04_run_19_keyframes_ba,172,87.76,94.70,92.77
euroc_MH_04_run_1_keyframes_ba,172,50.65,56.65,54.00
euroc_MH_04_run_20_keyframes_ba,174,86.06,92.49,91.88
euroc_MH_04_run_21_keyframes_ba,172,62.53,71.95,67.00
euroc_MH_04_run_22_keyframes_ba,171,61.56,65.28,65.46
euroc_MH_04_run_23_keyframes_ba,173,81.42,92.33,88.15
euroc_MH_04_run_24_keyframes_ba,173,91.86,95.95,97.12
euroc_MH_04_run_2_keyframes_ba,172,84.51,98.18,91.46
euroc_MH_04_run_3_keyframes_ba,173,86.47,95.47,92.27
euroc_MH_04_run_4_keyframes_ba,170,81.99,83.86,87.30
euroc_MH_04_run_5_keyframes_ba,179,133.44,135.98,147.59
euroc_MH_04_run_6_keyframes_ba,173,72.71,83.20,78.03
euroc_MH_04_run_7_keyframes_ba,173,75.60,81.47,81.73
euroc_MH_04_run_8_keyframes_ba,174,76.57,85.46,81.80
euroc_MH_04_run_9_keyframes_ba,173,101.56,112.11,107.32
euroc_MH_05_run_0_keyframes_ba,199,19.52,17.58,22.37
euroc_MH_05_run_10_keyframes_ba,199,16.51,15.18,18.68
euroc_MH_05_run_11_keyframes_ba,202,15.91,14.34,18.64
euroc_MH_05_run_12_keyframes_ba,200,14.54,12.80,16.63
euroc_MH_05_run_13_keyframes_ba,200,15.84,14.07,18.23
euroc_MH_05_run_14_keyframes_ba,200,33.59,27.27,39.68
euroc_MH_05_run_15_keyframes_ba,199,16.65,15.92,18.08
euroc_MH_05_run_16_keyframes_ba,201,17.64,16.78,19.84
euroc_MH_05_run_17_keyframes_ba,200,15.27,12.76,17.86
euroc_MH_05_run_18_keyframes_ba,203,16.30,13.93,18.74
euroc_MH_05_run_19_keyframes_ba,202,20.37,15.85,24.83
euroc_MH_05_run_1_keyframes_ba,199,19.38,18.61,22.06
euroc_MH_05_run_20_keyframes_ba,199,18.81,17.11,21.61
euroc_MH_05_run_21_keyframes_ba,203,16.48,15.09,18.66
euroc_MH_05_run_22_keyframes_ba,201,15.44,14.55,16.96
euroc_MH_05_run_23_keyframes_ba,199,22.09,21.37,25.38
euroc_MH_05_run_24_keyframes_ba,200,16.96,15.78,19.44
euroc_MH_05_run_2_keyframes_ba,200,16.14,13.68,18.38
euroc_MH_05_run_3_keyframes_ba,199,18.46,16.64,22.34
euroc_MH_05_run_4_keyframes_ba,199,21.58,21.35,24.66
euroc_MH_05_run_5_keyframes_ba,199,16.76,15.82,18.58
euroc_MH_05_run_6_keyframes_ba,201,16.57,14.31,18.68
euroc_MH_05_run_7_keyframes_ba,199,14.81,13.65,16.60
euroc_MH_05_run_8_keyframes_ba,200,16.44,14.95,18.37
euroc_MH_05_run_9_keyframes_ba,201,24.97,19.73,31.78
euroc_V1_01_run_0_keyframes_ba,268,10.85,9.15,11.97
euroc_V1_01_run_10_keyframes_ba,270,10.56,9.09,11.64
euroc_V1_01_run_11_keyframes_ba,271,11.16,9.66,12.32
euroc_V1_01_run_12_keyframes_ba,271,11.52,10.04,12.80
euroc_V1_01_run_13_keyframes_ba,271,10.36,8.92,11.46
euroc_V1_01_run_14_keyframes_ba,270,11.24,9.52,12.44
euroc_V1_01_run_15_keyframes_ba,268,10.66,9.08,11.71
euroc_V1_01_run_16_keyframes_ba,270,10.26,8.86,11.30
euroc_V1_01_run_17_keyframes_ba,269,10.52,9.06,11.52
euroc_V1_01_run_18_keyframes_ba,271,10.31,9.07,11.30
euroc_V1_01_run_19_keyframes_ba,270,10.18,9.01,11.11
euroc_V1_01_run_1_keyframes_ba,271,10.37,8.95,11.42
euroc_V1_01_run_20_keyframes_ba,271,10.34,8.99,11.34
euroc_V1_01_run_21_keyframes_ba,271,11.36,9.74,12.60
euroc_V1_01_run_22_keyframes_ba,270,11.52,10.05,12.70
euroc_V1_01_run_23_keyframes_ba,269,10.58,9.06,11.71
euroc_V1_01_run_24_keyframes_ba,269,10.63,9.34,11.66
euroc_V1_01_run_2_keyframes_ba,269,10.65,9.31,11.77
euroc_V1_01_run_3_keyframes_ba,269,10.64,9.11,11.64
euroc_V1_01_run_4_keyframes_ba,270,9.98,8.76,10.94
euroc_V1_01_run_5_keyframes_ba,272,10.03,8.93,11.02
euroc_V1_01_run_6_keyframes_ba,270,11.52,10.22,12.67
euroc_V1_01_run_7_keyframes_ba,270,10.49,9.05,11.53
euroc_V1_01_run_8_keyframes_ba,271,10.09,8.89,11.11
euroc_V1_01_run_9_keyframes_ba,273,11.12,9.45,12.25
euroc_V1_02_run_0_keyframes_ba,184,11.87,11.72,13.30
euroc_V1_02_run_10_keyframes_ba,184,10.62,10.60,11.70
euroc_V1_02_run_11_keyframes_ba,187,10.82,10.80,11.79
euroc_V1_02_run_12_keyframes_ba,179,10.68,10.10,11.61
euroc_V1_02_run_13_keyframes_ba,182,10.32,10.26,11.28
euroc_V1_02_run_14_keyframes_ba,183,10.55,10.22,11.61
euroc_V1_02_run_15_keyframes_ba,182,9.82,9.52,10.79
euroc_V1_02_run_16_keyframes_ba,187,11.07,10.64,12.13
euroc_V1_02_run_17_keyframes_ba,182,12.40,11.98,13.58
euroc_V1_02_run_18_keyframes_ba,185,10.86,10.68,11.78
euroc_V1_02_run_19_keyframes_ba,183,11.63,11.07,12.77
euroc_V1_02_run_1_keyframes_ba,185,11.10,10.65,12.06
euroc_V1_02_run_20_keyframes_ba,186,12.71,12.44,14.01
euroc_V1_02_run_21_keyframes_ba,181,11.78,11.27,12.94
euroc_V1_02_run_22_keyframes_ba,184,11.79,11.16,13.26
euroc_V1_02_run_23_keyframes_ba,188,11.04,10.32,12.30
euroc_V1_02_run_24_keyframes_ba,182,10.59,10.72,11.62
euroc_V1_02_run_2_keyframes_ba,185,11.63,10.97,12.69
euroc_V1_02_run_3_keyframes_ba,185,11.42,11.66,12.43
euroc_V1_02_run_4_keyframes_ba,182,11.83,11.60,13.02
euroc_V1_02_run_5_keyframes_ba,185,11.36,11.16,12.31
euroc_V1_02_run_6_keyframes_ba,182,11.54,11.06,12.45
euroc_V1_02_run_7_keyframes_ba,184,11.03,10.86,11.95
euroc_V1_02_run_8_keyframes_ba,184,12.42,11.70,13.87
euroc_V1_02_run_9_keyframes_ba,183,10.77,10.30,11.78
euroc_V1_03_run_0_keyframes_ba,283,15.13,14.36,16.54
euroc_V1_03_run_10_keyframes_ba,283,14.12,12.91,15.71
euroc_V1_03_run_11_keyframes_ba,281,12.85,12.30,13.69
euroc_V1_03_run_12_keyframes_ba,285,14.06,14.42,15.14
euroc_V1_03_run_13_keyframes_ba,273,14.01,13.12,15.41
euroc_V1_03_run_14_keyframes_ba,277,14.22,14.15,15.39
euroc_V1_03_run_15_keyframes_ba,287,14.41,13.44,15.83
euroc_V1_03_run_16_keyframes_ba,275,13.97,12.80,15.44
euroc_V1_03_run_17_keyframes_ba,281,14.14,13.58,15.23
euroc_V1_03_run_18_keyframes_ba,278,14.36,14.27,15.44
euroc_V1_03_run_19_keyframes_ba,276,15.80,14.94,17.44
euroc_V1_03_run_1_keyframes_ba,289,17.53,16.51,19.13
euroc_V1_03_run_20_keyframes_ba,283,13.65,14.23,15.03
euroc_V1_03_run_21_keyframes_ba,286,14.69,14.25,15.89
euroc_V1_03_run_22_keyframes_ba,274,14.74,14.55,15.74
euroc_V1_03_run_23_keyframes_ba,270,14.22,14.07,15.35
euroc_V1_03_run_24_keyframes_ba,283,14.91,14.59,16.04
euroc_V1_03_run_2_keyframes_ba,278,15.00,13.97,16.18
euroc_V1_03_run_3_keyframes_ba,279,13.04,12.79,14.06
euroc_V1_03_run_4_keyframes_ba,286,15.45,14.96,16.92
euroc_V1_03_run_5_keyframes_ba,283,14.46,14.55,15.61
euroc_V1_03_run_6_keyframes_ba,281,14.02,13.66,15.37
euroc_V1_03_run_7_keyframes_ba,276,12.57,12.87,13.68
euroc_V1_03_run_8_keyframes_ba,282,15.15,14.97,16.39
euroc_V1_03_run_9_keyframes_ba,286,13.87,13.74,14.96
euroc_V2_01_run_0_keyframes_ba,198,15.34,14.46,16.67
euroc_V2_01_run_10_keyframes_ba,200,17.47,17.78,18.97
euroc_V2_01_run_11_keyframes_ba,198,16.38,16.95,17.65
euroc_V2_01_run_12_keyframes_ba,198,19.69,20.41,21.58
euroc_V2_01_run_13_keyframes_ba,199,21.75,19.81,24.76
euroc_V2_01_run_14_keyframes_ba,198,15.66,16.03,16.90
euroc_V2_01_run_15_keyframes_ba,198,19.75,16.95,23.50
euroc_V2_01_run_16_keyframes_ba,200,22.74,21.00,26.22
euroc_V2_01_run_17_keyframes_ba,198,15.70,16.13,16.89
euroc_V2_01_run_18_keyframes_ba,198,15.65,15.85,16.88
euroc_V2_01_run_19_keyframes_ba,198,20.95,19.39,24.08
euroc_V2_01_run_1_keyframes_ba,198,15.97,16.37,17.15
euroc_V2_01_run_20_keyframes_ba,198,16.18,16.19,17.47
euroc_V2_01_run_21_keyframes_ba,199,16.65,16.82,18.32
euroc_V2_01_run_22_keyframes_ba,199,16.63,17.52,17.98
euroc_V2_01_run_23_keyframes_ba,198,15.75,16.10,16.96
euroc_V2_01_run_24_keyframes_ba,198,16.21,16.87,17.44
euroc_V2_01_run_2_keyframes_ba,199,17.30,18.19,18.66
euroc_V2_01_run_3_keyframes_ba,198,16.32,16.79,17.66
euroc_V2_01_run_4_keyframes_ba,198,15.93,16.52,17.12
euroc_V2_01_run_5_keyframes_ba,197,17.55,18.51,18.98
euroc_V2_01_run_6_keyframes_ba,197,16.58,17.21,17.85
euroc_V2_01_run_7_keyframes_ba,198,17.47,15.65,19.99
euroc_V2_01_run_8_keyframes_ba,203,16.57,17.31,17.79
euroc_V2_01_run_9_keyframes_ba,198,16.35,16.99,17.56
euroc_V2_02_run_0_keyframes_ba,263,11.29,11.05,12.25
euroc_V2_02_run_10_keyframes_ba,266,11.99,11.20,13.27
euroc_V2_02_run_11_keyframes_ba,263,10.27,9.65,11.24
euroc_V2_02_run_12_keyframes_ba,272,11.10,10.60,12.16
euroc_V2_02_run_13_keyframes_ba,266,10.17,9.69,11.22
euroc_V2_02_run_14_keyframes_ba,267,10.18,9.83,11.19
euroc_V2_02_run_15_keyframes_ba,269,11.56,10.41,12.89
euroc_V2_02_run_16_keyframes_ba,267,11.96,11.22,13.29
euroc_V2_02_run_17_keyframes_ba,267,11.60,11.41,12.83
euroc_V2_02_run_18_keyframes_ba,270,11.09,10.37,12.25
euroc_V2_02_run_19_keyframes_ba,268,11.27,11.07,12.31
euroc_V2_02_run_1_keyframes_ba,266,10.79,10.54,11.94
euroc_V2_02_run_20_keyframes_ba,267,9.79,9.50,10.66
euroc_V2_02_run_21_keyframes_ba,275,10.71,10.21,11.55
euroc_V2_02_run_22_keyframes_ba,273,11.23,11.08,12.33
euroc_V2_02_run_23_keyframes_ba,268,10.97,10.81,12.11
euroc_V2_02_run_24_keyframes_ba,271,11.13,10.53,12.17
euroc_V2_02_run_2_keyframes_ba,266,11.04,9.72,12.36
euroc_V2_02_run_3_keyframes_ba,270,10.93,10.44,12.11
euroc_V2_02_run_4_keyframes_ba,268,10.69,9.83,11.76
euroc_V2_02_run_5_keyframes_ba,264,11.19,10.66,12.44
euroc_V2_02_run_6_keyframes_ba,265,10.84,9.81,12.06
euroc_V2_02_run_7_keyframes_ba,268,13.55,11.79,15.75
euroc_V2_02_run_8_keyframes_ba,268,10.46,9.79,11.38
euroc_V2_02_run_9_keyframes_ba,269,12.01,12.14,13.10
euroc_V2_03_run_0_keyframes_ba,155,13.77,13.51,15.21
euroc_V2_03_run_10_keyframes_ba,134,13.57,12.29,15.10
euroc_V2_03_run_11_keyframes_ba,136,10.53,8.95,12.53
euroc_V2_03_run_12_keyframes_ba,137,12.78,9.67,17.31
euroc_V2_03_run_13_keyframes_ba,133,12.16,11.13,13.90
euroc_V2_03_run_14_keyframes_ba,161,13.77,12.93,15.30
euroc_V2_03_run_15_keyframes_ba,161,12.52,12.15,13.74
euroc_V2_03_run_16_keyframes_ba,132,11.80,10.45,13.14
euroc_V2_03_run_17_keyframes_ba,135,12.32,11.07,14.18
euroc_V2_03_run_18_keyframes_ba,132,11.82,10.62,13.51
euroc_V2_03_run_19_keyframes_ba,134,10.88,9.73,12.24
euroc_V2_03_run_1_keyframes_ba,133,10.99,9.98,12.49
euroc_V2_03_run_20_keyframes_ba,159,13.83,13.70,14.98
euroc_V2_03_run_21_keyframes_ba,134,10.84,9.48,12.51
euroc_V2_03_run_22_keyframes_ba,131,12.59,11.21,14.35
euroc_V2_03_run_23_keyframes_ba,154,12.05,11.66,13.19
euroc_V2_03_run_24_keyframes_ba,132,11.77,10.42,13.43
euroc_V2_03_run_2_keyframes_ba,129,11.90,10.87,13.57
euroc_V2_03_run_3_keyframes_ba,135,11.00,10.73,12.32
euroc_V2_03_run_4_keyframes_ba,133,10.78,9.83,12.36
euroc_V2_03_run_5_keyframes_ba,157,13.89,13.27,15.26
euroc_V2_03_run_6_keyframes_ba,131,10.32,8.73,12.03
euroc_V2_03_run_7_keyframes_ba,132,12.06,10.98,13.48
euroc_V2_03_run_8_keyframes_ba,135,12.25,11.08,13.92
euroc_V2_03_run_9_keyframes_ba,138,13.26,12.19,15.17
