name,frames,mean,median,rmse
euroc_MH_01_run_0_keyframes_ba,330,9.95,8.51,11.21
euroc_MH_01_run_10_keyframes_ba,337,8.20,6.90,9.27
euroc_MH_01_run_11_keyframes_ba,333,22.26,20.49,24.35
euroc_MH_01_run_12_keyframes_ba,336,8.21,6.78,9.73
euroc_MH_01_run_13_keyframes_ba,334,9.23,8.09,10.32
euroc_MH_01_run_14_keyframes_ba,336,9.04,7.82,10.32
euroc_MH_01_run_15_keyframes_ba,335,9.85,8.84,11.01
euroc_MH_01_run_16_keyframes_ba,332,10.57,9.70,12.07
euroc_MH_01_run_17_keyframes_ba,333,9.65,8.35,11.21
euroc_MH_01_run_18_keyframes_ba,331,10.87,9.86,12.28
euroc_MH_01_run_19_keyframes_ba,330,10.12,9.11,11.53
euroc_MH_01_run_1_keyframes_ba,329,9.68,8.74,10.97
euroc_MH_01_run_20_keyframes_ba,332,9.56,8.79,10.72
euroc_MH_01_run_21_keyframes_ba,335,9.60,8.66,10.69
euroc_MH_01_run_22_keyframes_ba,332,9.79,9.23,10.77
euroc_MH_01_run_23_keyframes_ba,333,9.66,8.58,10.89
euroc_MH_01_run_24_keyframes_ba,336,10.13,8.95,11.68
euroc_MH_01_run_2_keyframes_ba,330,10.15,9.04,11.66
euroc_MH_01_run_3_keyframes_ba,335,7.37,6.65,8.16
euroc_MH_01_run_4_keyframes_ba,335,10.90,9.85,12.70
euroc_MH_01_run_5_keyframes_ba,335,10.41,9.06,11.90
euroc_MH_01_run_6_keyframes_ba,335,10.07,8.87,11.28
euroc_MH_01_run_7_keyframes_ba,336,11.11,9.96,12.70
euroc_MH_01_run_8_keyframes_ba,336,9.19,8.06,10.38
euroc_MH_01_run_9_keyframes_ba,328,9.99,8.61,11.42
euroc_MH_02_run_0_keyframes_ba,216,11.04,10.76,12.04
euroc_MH_02_run_10_keyframes_ba,216,9.39,9.11,10.25
euroc_MH_02_run_11_keyframes_ba,217,10.38,9.93,11.35
euroc_MH_02_run_12_keyframes_ba,216,9.69,9.37,10.54
euroc_MH_02_run_13_keyframes_ba,216,9.97,10.27,10.89
euroc_MH_02_run_14_keyframes_ba,217,10.22,10.06,10.99
euroc_MH_02_run_15_keyframes_ba,216,9.91,9.89,10.74
euroc_MH_02_run_16_keyframes_ba,217,9.89,9.59,10.80
euroc_MH_02_run_17_keyframes_ba,216,9.50,9.16,10.53
euroc_MH_02_run_18_keyframes_ba,216,9.54,9.58,10.41
euroc_MH_02_run_19_keyframes_ba,217,10.12,10.15,11.05
euroc_MH_02_run_1_keyframes_ba,216,9.89,9.48,10.86
euroc_MH_02_run_20_keyframes_ba,216,9.46,9.32,10.29
euroc_MH_02_run_21_keyframes_ba,216,9.73,9.92,10.58
euroc_MH_02_run_22_keyframes_ba,216,9.58,8.81,10.49
euroc_MH_02_run_23_keyframes_ba,216,9.78,9.51,10.62
euroc_MH_02_run_24_keyframes_ba,216,10.31,9.79,11.15
euroc_MH_02_run_2_keyframes_ba,216,10.89,10.64,11.85
euroc_MH_02_run_3_keyframes_ba,216,9.35,9.27,10.13
euroc_MH_02_run_4_keyframes_ba,216,9.97,9.76,10.96
euroc_MH_02_run_5_keyframes_ba,216,9.52,9.15,10.46
euroc_MH_02_run_6_keyframes_ba,216,10.12,9.86,11.09
euroc_MH_02_run_7_keyframes_ba,216,9.95,10.15,10.79
euroc_MH_02_run_8_keyframes_ba,216,9.03,8.91,9.80
euroc_MH_02_run_9_keyframes_ba,217,10.24,10.10,11.17
euroc_MH_03_run_0_keyframes_ba,255,9.38,7.34,13.31
euroc_MH_03_run_10_keyframes_ba,252,10.55,8.63,13.54
euroc_MH_03_run_11_keyframes_ba,254,10.48,8.44,13.79
euroc_MH_03_run_12_keyframes_ba,255,10.38,8.79,13.73
euroc_MH_03_run_13_keyframes_ba,253,11.31,9.34,14.17
euroc_MH_03_run_14_keyframes_ba,254,9.95,8.28,12.85
euroc_MH_03_run_15_keyframes_ba,254,10.08,8.27,12.68
euroc_MH_03_run_16_keyframes_ba,253,8.88,6.73,12.39
euroc_MH_03_run_17_keyframes_ba,255,9.37,7.52,12.28
euroc_MH_03_run_18_keyframes_ba,252,9.95,8.16,13.38
euroc_MH_03_run_19_keyframes_ba,253,9.57,7.77,12.27
euroc_MH_03_run_1_keyframes_ba,254,11.79,9.87,14.46
euroc_MH_03_run_20_keyframes_ba,256,9.73,7.73,13.14
euroc_MH_03_run_21_keyframes_ba,251,9.59,7.47,13.45
euroc_MH_03_run_22_keyframes_ba,254,9.73,8.16,13.10
euroc_MH_03_run_23_keyframes_ba,254,10.05,8.08,12.55
euroc_MH_03_run_24_keyframes_ba,254,9.27,7.63,12.00
euroc_MH_03_run_2_keyframes_ba,253,9.80,8.13,12.33
euroc_MH_03_run_3_keyframes_ba,255,11.75,9.98,14.62
euroc_MH_03_run_4_keyframes_ba,255,9.54,8.00,12.06
euroc_MH_03_run_5_keyframes_ba,253,9.51,7.65,12.39
euroc_MH_03_run_6_keyframes_ba,255,10.91,8.71,14.33
euroc_MH_03_run_7_keyframes_ba,257,11.49,9.05,14.92
euroc_MH_03_run_8_keyframes_ba,252,9.77,7.76,13.21
euroc_MH_03_run_9_keyframes_ba,256,9.47,7.65,12.72
euroc_MH_04_run_0_keyframes_ba,173,68.15,65.09,74.27
euroc_MH_04_run_10_keyframes_ba,173,52.11,49.05,56.64
euroc_MH_04_run_11_keyframes_ba,174,83.93,81.94,91.41
euroc_MH_04_run_12_keyframes_ba,173,57.66,58.18,62.98
euroc_MH_04_run_13_keyframes_ba,174,81.68,82.13,89.60
euroc_MH_04_run_14_keyframes_ba,171,63.35,62.67,68.70
euroc_MH_04_run_15_keyframes_ba,174,68.20,61.90,75.79
euroc_MH_04_run_16_keyframes_ba,173,65.68,65.06,71.83
euroc_MH_04_run_17_keyframes_ba,170,82.86,83.56,89.71
euroc_MH_04_run_18_keyframes_ba,171,70.55,70.35,76.73
euroc_MH_04_run_19_keyframes_ba,172,66.19,62.85,71.98
euroc_MH_04_run_1_keyframes_ba,172,43.68,45.08,47.00
euroc_MH_04_run_20_keyframes_ba,174,65.84,64.72,72.25
euroc_MH_04_run_21_keyframes_ba,172,50.39,48.00,54.81
euroc_MH_04_run_22_keyframes_ba,171,51.92,47.85,55.83
euroc_MH_04_run_23_keyframes_ba,173,70.86,73.04,77.18
euroc_MH_04_run_24_keyframes_ba,173,68.81,66.39,74.85
euroc_MH_04_run_2_keyframes_ba,172,63.61,59.24,69.64
euroc_MH_04_run_3_keyframes_ba,173,65.87,65.19,71.78
euroc_MH_04_run_4_keyframes_ba,170,61.65,56.90,67.16
euroc_MH_04_run_5_keyframes_ba,179,113.44,115.22,125.43
euroc_MH_04_run_6_keyframes_ba,173,61.50,62.75,66.90
euroc_MH_04_run_7_keyframes_ba,173,64.51,64.85,70.69
euroc_MH_04_run_8_keyframes_ba,174,62.54,60.69,68.37
euroc_MH_04_run_9_keyframes_ba,173,74.61,68.54,81.64
euroc_MH_05_run_0_keyframes_ba,199,15.40,13.95,17.16
euroc_MH_05_run_10_keyframes_ba,199,14.58,14.10,16.25
euroc_MH_05_run_11_keyframes_ba,202,16.02,14.91,18.31
euroc_MH_05_run_12_keyframes_ba,200,14.44,12.46,16.57
euroc_MH_05_run_13_keyframes_ba,200,15.83,14.54,17.93
euroc_MH_05_run_14_keyframes_ba,200,14.68,13.08,16.83
euroc_MH_05_run_15_keyframes_ba,199,15.08,14.29,16.93
euroc_MH_05_run_16_keyframes_ba,201,16.56,15.17,18.32
euroc_MH_05_run_17_keyframes_ba,200,15.17,12.95,17.59
euroc_MH_05_run_18_keyframes_ba,203,16.25,13.96,18.68
euroc_MH_05_run_19_keyframes_ba,202,17.71,14.70,20.13
euroc_MH_05_run_1_keyframes_ba,199,16.48,15.08,18.23
euroc_MH_05_run_20_keyframes_ba,199,16.69,15.01,18.57
euroc_MH_05_run_21_keyframes_ba,203,15.80,14.57,17.84
euroc_MH_05_run_22_keyframes_ba,201,15.41,14.21,16.85
euroc_MH_05_run_23_keyframes_ba,199,13.68,12.92,15.55
euroc_MH_05_run_24_keyframes_ba,200,15.25,13.92,17.57
euroc_MH_05_run_2_keyframes_ba,200,16.15,13.70,18.38
euroc_MH_05_run_3_keyframes_ba,199,13.93,11.75,16.01
euroc_MH_05_run_4_keyframes_ba,199,15.20,14.18,16.99
euroc_MH_05_run_5_keyframes_ba,199,16.22,15.83,18.22
euroc_MH_05_run_6_keyframes_ba,201,16.59,14.22,18.57
euroc_MH_05_run_7_keyframes_ba,199,14.78,13.98,16.59
euroc_MH_05_run_8_keyframes_ba,200,16.10,14.12,18.10
euroc_MH_05_run_9_keyframes_ba,201,15.60,12.58,18.06
euroc_V1_01_run_0_keyframes_ba,268,7.37,7.22,7.97
euroc_V1_01_run_10_keyframes_ba,270,7.19,6.79,7.84
euroc_V1_01_run_11_keyframes_ba,271,7.23,7.11,7.79
euroc_V1_01_run_12_keyframes_ba,271,7.41,7.27,7.89
euroc_V1_01_run_13_keyframes_ba,271,7.09,7.09,7.71
euroc_V1_01_run_14_keyframes_ba,270,7.27,7.04,7.80
euroc_V1_01_run_15_keyframes_ba,268,7.26,6.98,7.85
euroc_V1_01_run_16_keyframes_ba,270,7.20,6.97,7.81
euroc_V1_01_run_17_keyframes_ba,269,7.23,7.03,7.83
euroc_V1_01_run_18_keyframes_ba,271,7.36,7.48,7.94
euroc_V1_01_run_19_keyframes_ba,270,7.07,6.87,7.70
euroc_V1_01_run_1_keyframes_ba,271,7.14,7.04,7.72
euroc_V1_01_run_20_keyframes_ba,271,7.60,7.35,8.23
euroc_V1_01_run_21_keyframes_ba,271,7.33,7.39,7.88
euroc_V1_01_run_22_keyframes_ba,270,7.61,7.45,8.15
euroc_V1_01_run_23_keyframes_ba,269,7.07,6.86,7.55
euroc_V1_01_run_24_keyframes_ba,269,7.39,7.27,7.92
euroc_V1_01_run_2_keyframes_ba,269,7.40,7.12,7.94
euroc_V1_01_run_3_keyframes_ba,269,7.33,7.17,7.88
euroc_V1_01_run_4_keyframes_ba,270,7.21,7.01,7.76
euroc_V1_01_run_5_keyframes_ba,272,7.26,6.93,7.88
euroc_V1_01_run_6_keyframes_ba,270,7.68,7.50,8.19
euroc_V1_01_run_7_keyframes_ba,270,7.02,6.78,7.66
euroc_V1_01_run_8_keyframes_ba,271,7.34,7.10,7.95
euroc_V1_01_run_9_keyframes_ba,273,7.06,6.97,7.60
euroc_V1_02_run_0_keyframes_ba,184,7.95,7.31,8.53
euroc_V1_02_run_10_keyframes_ba,184,8.01,7.72,8.75
euroc_V1_02_run_11_keyframes_ba,187,8.26,7.93,8.99
euroc_V1_02_run_12_keyframes_ba,179,7.97,7.66,8.52
euroc_V1_02_run_13_keyframes_ba,182,7.83,7.93,8.32
euroc_V1_02_run_14_keyframes_ba,183,8.06,7.56,8.67
euroc_V1_02_run_15_keyframes_ba,182,7.10,7.04,7.60
euroc_V1_02_run_16_keyframes_ba,187,7.90,7.67,8.39
euroc_V1_02_run_17_keyframes_ba,182,7.27,6.85,8.15
euroc_V1_02_run_18_keyframes_ba,185,7.06,6.87,7.56
euroc_V1_02_run_19_keyframes_ba,183,8.73,8.29,9.42
euroc_V1_02_run_1_keyframes_ba,185,8.15,8.19,8.69
euroc_V1_02_run_20_keyframes_ba,186,7.94,7.46,8.64
euroc_V1_02_run_21_keyframes_ba,181,8.04,7.66,8.72
euroc_V1_02_run_22_keyframes_ba,184,8.03,7.68,8.84
euroc_V1_02_run_23_keyframes_ba,188,7.43,7.20,8.05
euroc_V1_02_run_24_keyframes_ba,182,7.87,7.69,8.62
euroc_V1_02_run_2_keyframes_ba,185,7.08,6.51,7.73
euroc_V1_02_run_3_keyframes_ba,185,7.99,7.61,8.61
euroc_V1_02_run_4_keyframes_ba,182,7.72,7.58,8.43
euroc_V1_02_run_5_keyframes_ba,185,9.10,8.85,9.77
euroc_V1_02_run_6_keyframes_ba,182,9.18,8.76,9.88
euroc_V1_02_run_7_keyframes_ba,184,8.36,8.02,8.97
euroc_V1_02_run_8_keyframes_ba,184,8.72,7.88,9.60
euroc_V1_02_run_9_keyframes_ba,183,7.49,7.09,8.07
euroc_V1_03_run_0_keyframes_ba,283,11.18,10.96,12.09
euroc_V1_03_run_10_keyframes_ba,283,9.96,9.74,10.89
euroc_V1_03_run_11_keyframes_ba,281,9.16,8.49,10.00
euroc_V1_03_run_12_keyframes_ba,285,9.32,9.11,10.33
euroc_V1_03_run_13_keyframes_ba,273,11.02,10.96,11.98
euroc_V1_03_run_14_keyframes_ba,277,10.27,10.02,11.24
euroc_V1_03_run_15_keyframes_ba,287,10.04,9.17,11.11
euroc_V1_03_run_16_keyframes_ba,275,10.91,10.20,11.88
euroc_V1_03_run_17_keyframes_ba,281,10.37,9.74,11.23
euroc_V1_03_run_18_keyframes_ba,278,9.78,9.24,10.69
euroc_V1_03_run_19_keyframes_ba,276,11.73,12.13,12.74
euroc_V1_03_run_1_keyframes_ba,289,13.04,13.08,14.16
euroc_V1_03_run_20_keyframes_ba,283,11.01,11.06,11.77
euroc_V1_03_run_21_keyframes_ba,286,11.81,12.26,12.64
euroc_V1_03_run_22_keyframes_ba,274,9.49,8.96,10.57
euroc_V1_03_run_23_keyframes_ba,270,10.12,9.82,10.98
euroc_V1_03_run_24_keyframes_ba,283,9.97,9.66,10.84
euroc_V1_03_run_2_keyframes_ba,278,10.02,9.52,10.82
euroc_V1_03_run_3_keyframes_ba,279,9.97,10.02,10.60
euroc_V1_03_run_4_keyframes_ba,286,12.55,12.30,13.42
euroc_V1_03_run_5_keyframes_ba,283,11.07,11.20,11.86
euroc_V1_03_run_6_keyframes_ba,281,9.87,9.64,10.92
euroc_V1_03_run_7_keyframes_ba,276,9.58,9.41,10.43
euroc_V1_03_run_8_keyframes_ba,282,10.28,10.03,11.06
euroc_V1_03_run_9_keyframes_ba,286,10.67,10.29,11.51
euroc_V2_01_run_0_keyframes_ba,198,10.69,10.34,11.37
euroc_V2_01_run_10_keyframes_ba,200,10.20,9.54,11.30
euroc_V2_01_run_11_keyframes_ba,198,10.51,10.69,11.22
euroc_V2_01_run_12_keyframes_ba,198,12.12,11.48,13.34
euroc_V2_01_run_13_keyframes_ba,199,12.54,11.37,15.17
euroc_V2_01_run_14_keyframes_ba,198,10.12,9.91,10.84
euroc_V2_01_run_15_keyframes_ba,198,13.15,11.36,16.14
euroc_V2_01_run_16_keyframes_ba,200,13.87,12.73,16.85
euroc_V2_01_run_17_keyframes_ba,198,9.59,9.29,10.30
euroc_V2_01_run_18_keyframes_ba,198,9.85,9.80,10.51
euroc_V2_01_run_19_keyframes_ba,198,13.05,11.19,15.62
euroc_V2_01_run_1_keyframes_ba,198,9.61,9.64,10.29
euroc_V2_01_run_20_keyframes_ba,198,10.49,10.38,11.21
euroc_V2_01_run_21_keyframes_ba,199,11.17,10.78,12.28
euroc_V2_01_run_22_keyframes_ba,199,10.52,10.42,11.25
euroc_V2_01_run_23_keyframes_ba,198,10.28,10.22,10.92
euroc_V2_01_run_24_keyframes_ba,198,10.15,10.06,10.82
euroc_V2_01_run_2_keyframes_ba,199,10.60,10.58,11.31
euroc_V2_01_run_3_keyframes_ba,198,10.77,10.52,11.48
euroc_V2_01_run_4_keyframes_ba,198,10.67,10.66,11.35
euroc_V2_01_run_5_keyframes_ba,197,11.10,10.87,11.75
euroc_V2_01_run_6_keyframes_ba,197,10.36,10.10,11.09
euroc_V2_01_run_7_keyframes_ba,198,12.32,11.53,13.97
euroc_V2_01_run_8_keyframes_ba,203,10.27,10.31,10.97
euroc_V2_01_run_9_keyframes_ba,198,10.40,10.46,11.04
euroc_V2_02_run_0_keyframes_ba,263,10.78,10.66,11.72
euroc_V2_02_run_10_keyframes_ba,266,10.32,9.79,11.38
euroc_V2_02_run_11_keyframes_ba,263,9.90,9.69,10.74
euroc_V2_02_run_12_keyframes_ba,272,9.89,10.19,10.86
euroc_V2_02_run_13_keyframes_ba,266,9.46,9.37,10.31
euroc_V2_02_run_14_keyframes_ba,267,9.64,9.18,10.60
euroc_V2_02_run_15_keyframes_ba,269,10.19,9.57,11.34
euroc_V2_02_run_16_keyframes_ba,267,11.11,10.76,12.44
euroc_V2_02_run_17_keyframes_ba,267,10.56,10.60,11.64
euroc_V2_02_run_18_keyframes_ba,270,10.58,10.46,11.61
euroc_V2_02_run_19_keyframes_ba,268,10.46,10.36,11.43
euroc_V2_02_run_1_keyframes_ba,266,10.31,10.24,11.38
euroc_V2_02_run_20_keyframes_ba,267,9.38,9.01,10.21
euroc_V2_02_run_21_keyframes_ba,275,10.01,9.70,10.76
euroc_V2_02_run_22_keyframes_ba,273,10.71,10.70,11.69
euroc_V2_02_run_23_keyframes_ba,268,9.70,9.42,10.70
euroc_V2_02_run_24_keyframes_ba,271,10.04,9.74,10.91
euroc_V2_02_run_2_keyframes_ba,266,10.16,9.33,11.35
euroc_V2_02_run_3_keyframes_ba,270,10.32,10.16,11.37
euroc_V2_02_run_4_keyframes_ba,268,10.01,9.56,10.95
euroc_V2_02_run_5_keyframes_ba,264,10.43,10.22,11.55
euroc_V2_02_run_6_keyframes_ba,265,10.12,9.51,11.16
euroc_V2_02_run_7_keyframes_ba,268,11.57,9.96,13.55
euroc_V2_02_run_8_keyframes_ba,268,9.98,9.73,10.80
euroc_V2_02_run_9_keyframes_ba,269,11.42,11.55,12.41
euroc_V2_03_run_0_keyframes_ba,155,13.55,12.11,15.18
euroc_V2_03_run_10_keyframes_ba,134,12.25,10.72,13.83
euroc_V2_03_run_11_keyframes_ba,136,10.28,8.99,12.29
euroc_V2_03_run_12_keyframes_ba,137,13.09,9.90,17.35
euroc_V2_03_run_13_keyframes_ba,133,11.79,11.07,13.50
euroc_V2_03_run_14_keyframes_ba,161,12.54,11.67,13.98
euroc_V2_03_run_15_keyframes_ba,161,11.73,10.74,13.09
euroc_V2_03_run_16_keyframes_ba,132,11.22,10.51,12.33
euroc_V2_03_run_17_keyframes_ba,135,11.66,10.30,13.42
euroc_V2_03_run_18_keyframes_ba,132,11.69,10.35,13.47
euroc_V2_03_run_19_keyframes_ba,134,10.39,9.31,11.68
euroc_V2_03_run_1_keyframes_ba,133,11.19,10.10,12.76
euroc_V2_03_run_20_keyframes_ba,159,12.85,11.85,14.17
euroc_V2_03_run_21_keyframes_ba,134,10.43,9.06,12.03
euroc_V2_03_run_22_keyframes_ba,131,12.31,11.51,14.21
euroc_V2_03_run_23_keyframes_ba,154,11.48,11.00,12.60
euroc_V2_03_run_24_keyframes_ba,132,11.16,10.01,12.82
euroc_V2_03_run_2_keyframes_ba,129,12.00,10.59,13.72
euroc_V2_03_run_3_keyframes_ba,135,10.51,10.10,11.85
euroc_V2_03_run_4_keyframes_ba,133,10.82,9.25,12.45
euroc_V2_03_run_5_keyframes_ba,157,13.47,12.46,15.10
euroc_V2_03_run_6_keyframes_ba,131,10.68,8.75,12.44
euroc_V2_03_run_7_keyframes_ba,132,12.19,11.04,13.66
euroc_V2_03_run_8_keyframes_ba,135,11.75,10.83,13.63
euroc_V2_03_run_9_keyframes_ba,138,11.85,11.65,13.29
